{
    "Stereo": {
        "F": 465.1843403613501,
        "B": 69.82810412061319,
        "Cx": 878.9220428466797,
        "Cy": 220.340087890625,
        "Doffs": -0.0,
        "Reprojection Error": 0.22387073710018415,
        "Depth": "Depth = F * B / (Disparity + Doffs)"
    },
    "Left": {
        "Width": 1280,
        "Height": 640,
        "Fx": 522.987318927369,
        "Fy": 465.17632086735915,
        "Cx": 640.6834761910618,
        "Cy": 296.49717769439275,
        "K1": 0.6625507093588776,
        "K2": 0.08616078360383651,
        "K3": 0.0013502698397050666,
        "P1": 0.000117979079651823,
        "P2": -2.5390924084716346e-05,
        "K4": 1.030368242487898,
        "K5": 0.23756966201864027,
        "K6": 0.011670012634377218,
        "K": [
            522.987318927369,
            465.17632086735915,
            640.6834761910618,
            296.49717769439275
        ],
        "D": [
            0.6625507093588776,
            0.08616078360383651,
            0.000117979079651823,
            -2.5390924084716346e-05,
            0.0013502698397050666,
            1.030368242487898,
            0.23756966201864027,
            0.011670012634377218,
            0.0,
            0.0,
            0.0,
            0.0,
            0.0,
            0.0
        ]
    },
    "Right": {
        "Width": 1280,
        "Height": 640,
        "Fx": 522.8017538623257,
        "Fy": 465.19235985534107,
        "Cx": 691.0503875833843,
        "Cy": 301.87044007470973,
        "K1": 0.6856268465002312,
        "K2": 0.08312187317832002,
        "K3": 0.0010004747047572904,
        "P1": 2.6593917403246785e-05,
        "P2": 0.00033590409920205,
        "K4": 1.0537448627298214,
        "K5": 0.24058331985632464,
        "K6": 0.009707404432533462,
        "K": [
            522.8017538623257,
            465.19235985534107,
            691.0503875833843,
            301.87044007470973
        ],
        "D": [
            0.6856268465002312,
            0.08312187317832002,
            2.6593917403246785e-05,
            0.00033590409920205,
            0.0010004747047572904,
            1.0537448627298214,
            0.24058331985632464,
            0.009707404432533462,
            0.0,
            0.0,
            0.0,
            0.0,
            0.0,
            0.0
        ]
    },
    "Rotate": [
        [
            0.9999969250064193,
            0.0002827702505168917,
            -0.0024637407921901658
        ],
        [
            -0.00028033291084549,
            0.999999471078922,
            0.0009895733097660413
        ],
        [
            0.00246401931095844,
            -0.0009888795992066158,
            0.9999964753567752
        ]
    ],
    "Trans": [
        -69.82804981933937,
        0.0830931328362612,
        -0.02605836393288308
    ]
}