{
    "Stereo": {
        "F": 465.2104178592821,
        "B": 69.82928990313776,
        "Cx": 870.4762115478516,
        "Cy": 221.603515625,
        "Doffs": -0.0,
        "Reprojection Error": 0.2238986518250022,
        "Depth": "Depth = F * B / (Disparity + Doffs)"
    },
    "Left": {
        "Width": 1280,
        "Height": 640,
        "Fx": 522.9961867272149,
        "Fy": 465.1842037226449,
        "Cx": 640.6923298301448,
        "Cy": 296.49439402328176,
        "K1": 0.666822612679281,
        "K2": 0.0877969375586804,
        "K3": 0.0013800409096278484,
        "P1": 0.00011854553340452057,
        "P2": -2.7192119060906282e-05,
        "K4": 1.0346505008911975,
        "K5": 0.24077390795026699,
        "K6": 0.011939884819074502,
        "K": [
            522.9961867272149,
            465.1842037226449,
            640.6923298301448,
            296.49439402328176
        ],
        "D": [
            0.666822612679281,
            0.0877969375586804,
            0.00011854553340452057,
            -2.7192119060906282e-05,
            0.0013800409096278484,
            1.0346505008911975,
            0.24077390795026699,
            0.011939884819074502,
            0.0,
            0.0,
            0.0,
            0.0,
            0.0,
            0.0
        ]
    },
    "Right": {
        "Width": 1280,
        "Height": 640,
        "Fx": 522.8518853956858,
        "Fy": 465.2366319959192,
        "Cx": 691.0556714241155,
        "Cy": 301.8657561949378,
        "K1": 1.1975949797513823,
        "K2": 0.2854215201233089,
        "K3": 0.006134425810519889,
        "P1": 2.778990583183929e-05,
        "P2": 0.00033730640921323903,
        "K4": 1.5668809465540703,
        "K5": 0.6276664311004336,
        "K6": 0.04625688693110121,
        "K": [
            522.8518853956858,
            465.2366319959192,
            691.0556714241155,
            301.8657561949378
        ],
        "D": [
            1.1975949797513823,
            0.2854215201233089,
            2.778990583183929e-05,
            0.00033730640921323903,
            0.006134425810519889,
            1.5668809465540703,
            0.6276664311004336,
            0.04625688693110121,
            0.0,
            0.0,
            0.0,
            0.0,
            0.0,
            0.0
        ]
    },
    "Rotate": [
        [
            0.9999969428134574,
            0.00028319399699163286,
            -0.0024564537241100154
        ],
        [
            -0.0002807557188883041,
            0.9999994676737721,
            0.000992888915587007
        ],
        [
            0.0024567335966558467,
            -0.0009921962167091416,
            0.9999964899971913
        ]
    ],
    "Trans": [
        -69.82923514221507,
        0.08343898174693527,
        -0.026187134606507314
    ]
}