{
    "Stereo": {
        "F": 465.187604873002,
        "B": 69.82812544313633,
        "Cx": 877.3014373779297,
        "Cy": 220.60729217529297,
        "Doffs": -0.0,
        "Reprojection Error": 0.22386913063062427,
        "Depth": "Depth = F * B / (Disparity + Doffs)"
    },
    "Left": {
        "Width": 1280,
        "Height": 640,
        "Fx": 522.9887627385398,
        "Fy": 465.177590496612,
        "Cx": 640.6843901767436,
        "Cy": 296.4969393825901,
        "K1": 0.6693963479781858,
        "K2": 0.08879171633085525,
        "K3": 0.0014090431776358717,
        "P1": 0.00011807759691606138,
        "P2": -2.5494010265762643e-05,
        "K4": 1.0372319717709115,
        "K5": 0.242673326860806,
        "K6": 0.012128738646237248,
        "K": [
            522.9887627385398,
            465.177590496612,
            640.6843901767436,
            296.4969393825901
        ],
        "D": [
            0.6693963479781858,
            0.08879171633085525,
            0.00011807759691606138,
            -2.5494010265762643e-05,
            0.0014090431776358717,
            1.0372319717709115,
            0.242673326860806,
            0.012128738646237248,
            0.0,
            0.0,
            0.0,
            0.0,
            0.0,
            0.0
        ]
    },
    "Right": {
        "Width": 1280,
        "Height": 640,
        "Fx": 522.8077039341587,
        "Fy": 465.19761924939195,
        "Cx": 691.0504772769832,
        "Cy": 301.87015007548644,
        "K1": 0.7302616747198659,
        "K2": 0.10008749442030528,
        "K3": 0.0014067253454116428,
        "P1": 2.675668632953419e-05,
        "P2": 0.0003362267895579388,
        "K4": 1.098515351602618,
        "K5": 0.27358629246008015,
        "K6": 0.01268369652711978,
        "K": [
            522.8077039341587,
            465.19761924939195,
            691.0504772769832,
            301.87015007548644
        ],
        "D": [
            0.7302616747198659,
            0.10008749442030528,
            2.675668632953419e-05,
            0.0003362267895579388,
            0.0014067253454116428,
            1.098515351602618,
            0.27358629246008015,
            0.01268369652711978,
            0.0,
            0.0,
            0.0,
            0.0,
            0.0,
            0.0
        ]
    },
    "Rotate": [
        [
            0.9999969287241671,
            0.0002827170252880068,
            -0.0024622374614799727
        ],
        [
            -0.00028028107160554626,
            0.9999994710530665,
            0.000989614120807373
        ],
        [
            0.002462515939847433,
            -0.0009889209628751953,
            0.999996479019089
        ]
    ],
    "Trans": [
        -69.82807103051285,
        0.08310098641622103,
        -0.026330326465651813
    ]
}